Clave,Nombre,Nivel,Institucion,Programa,Inicio,Fin,Semestre,Semestre letras,Horas,Horas por semana,Comentario
0,Arquitectura de Computadoras,Maestría,CIDETEC-IPN,,2016/02/01,2016/06/10,,,72,,
0,Visión Artificial,Maestría,CIDETEC-IPN,,2016/08/08,2016/12/21,,,72,,
0,Seminario departamental I,Maestría,CIDETEC-IPN,,2017/01/01,2017/06/01,,,36,,
0,Seminario departamental II,Maestría,CIDETEC-IPN,,2017/01/01,2017/06/01,,,36,,
0,Temas Selectos en Tecnología de Cómputo,Maestría,CIDETEC-IPN,,2017/01/01,2017/06/01,,,72,,
0,Visión Artificial,Maestría,CIDETEC-IPN,,2017/01/01,2017/06/01,,,72,,
0,Visión 3D,Maestría,CIDETEC-IPN,,2017/08/01,2017/12/01,,,72,,
0,Seminario departamental II,Maestría,CIDETEC-IPN,,2017/08/01,2017/12/01,,,36,,
0,Seminario departamental III,Maestría,CIDETEC-IPN,,2017/08/01,2017/12/01,,,36,,
0,Seminario departamental II,Maestría,CIDETEC-IPN,,2018/01/01,2018/06/01,,,36,,ok
0,Seminario departamental III,Maestría,CIDETEC-IPN,,2018/01/01,2018/06/01,,,36,,ok
0,Temas Selectos en Tecnología de Cómputo,Maestría,CIDETEC-IPN,,2018/01/01,2018/06/01,,,72,,ok
0,Seminario departamental III,Maestría,CIDETEC-IPN,,2018/08/01,2018/12/01,,,36,,ok
0,Visión Artificial,Maestría,CIDETEC-IPN,,2018/08/01,2018/12/01,,,72,,ok
0,Temas Selectos en Tecnología de Cómputo,Maestría,CIDETEC-IPN,,2018/08/01,2018/12/01,,,72,,ok
0,Visión Artificial,Maestría,CIDETEC-IPN,,2019/01/01,2019/06/01,19A,,72,,ok
0,Temas Selectos en Tecnología de Cómputo,Maestría,CIDETEC-IPN,,2019/01/01,2019/06/01,19A,,72,,ok
0,Seminario de Tesis I,Doctorado,CIDETEC-IPN,,2019/08/05,2019/12/06,19B,,36,,ok
0,Robótica móvil,Doctorado,CIDETEC-IPN,,2019/08/05,2019/12/06,19B,,72,,ok
1289,Visión Artificial,Maestría,CIDETEC-IPN,Maestría en Tecnología de Cómputo,2020/01/20,2020/06/05,20A,,72,4,ok
DI-167,Robótica móvil,Doctorado,CIDETEC-IPN,Doctorado en Ingeniería de Sistemas Robóticos y Mecatrónicos,2020/01/20,2020/06/05,20A,,72,4,ok
DI-168,Seminario de Tesis I,Doctorado,CIDETEC-IPN,Doctorado en Ingeniería de Sistemas Robóticos y Mecatrónicos,2020/01/20,2020/06/05,20A,,36,2,ok
DI-172,Seminario de tesis II. Gestión y administración de proyectos de desarrollo tecnológico e innovación y protección de derechos intelectuales,Doctorado,CIDETEC-IPN,Doctorado en Ingeniería de Sistemas Robóticos y Mecatrónicos,2020/01/20,2020/06/05,20A,,36,2,ok
DI-194,Algoritmos inteligentes,Doctorado,CIDETEC-IPN,Doctorado en Ingeniería de Sistemas Robóticos y Mecatrónicos,,,20B,,72,4,
DI-196,Seminario de tesis II. Gestión y administración de proyectos de desarrollo tecnológico e innovación y protección de derechos intelectuales,Doctorado,CIDETEC-IPN,Doctorado en Ingeniería de Sistemas Robóticos y Mecatrónicos,,,20B,,36,2,
DI-199,Seminario de tesis III. Examen predoctoral,Doctorado,CIDETEC-IPN,Doctorado en Ingeniería de Sistemas Robóticos y Mecatrónicos,,,20B,,36,2,
1345,Visión artificial,Maestría,CIDETEC-IPN,Maestría en Tecnología de Cómputo,,,20B,,72,4,
1401,Visión 3D,Maestría,CIDETEC-IPN,Maestría en Tecnología de Cómputo,2021/02/22,2021/06/29,21A,,72,4,
DI-209,Robótica móvil,Doctorado,CIDETEC-IPN,Maestría en Tecnología de Cómputo,2021/02/22,2021/06/29,21A,,72,4,
DI-210,Seminario de tesis II. Gestión y administración de proyectos de desarrollo tecnológico e innovación y protección de derechos intelectuales,Doctorado,CIDETEC-IPN,Maestría en Tecnología de Cómputo,2021/02/22,2021/06/29,21A,,36,2,
DI-219,Seminario de tesis III. Examen predoctoral,Doctorado,CIDETEC-IPN,Maestría en Tecnología de Cómputo,2021/02/22,2021/06/29,21A,,36,2,
DI-221 ,Seminario de tesis IV,Doctorado,CIDETEC-IPN,Maestría en Tecnología de Cómputo,2021/02/22,2021/06/29,21A,,36,2,
DI-234,Seminario de tesis III. Examen predoctoral,Doctorado,CIDETEC-IPN,Doctorado en Ingeniería de Sistemas Robóticos y Mecatrónicos,,,21B,,36,2,
DI-235,Seminario de tesis IV,Doctorado,CIDETEC-IPN,Doctorado en Ingeniería de Sistemas Robóticos y Mecatrónicos,,,21B,,36,2,
DI-236,Robótica móvil,Doctorado,CIDETEC-IPN,Doctorado en Ingeniería de Sistemas Robóticos y Mecatrónicos,,,21B,,72,4,
1459,Seminario departamental I,Maestría,CIDETEC-IPN,Maestría en Tecnología de Cómputo,,,21B,,36,2,
1460,Visión artificial,Maestría,CIDETEC-IPN,Maestría en Tecnología de Cómputo,,,21B,,72,4,
1517,Visión artificial,Maestría,CIDETEC-IPN,Maestría en Tecnología de Cómputo,2022/01/31,2022/06/23,22A,,72,4,
1518,Visión 3D,Maestría,CIDETEC-IPN,Maestría en Tecnología de Cómputo,2022/01/31,2022/06/23,22A,,72,4,
1519,Seminiario departamental II,Maestría,CIDETEC-IPN,Maestría en Tecnología de Cómputo,2022/01/31,2022/06/23,22A,,36,2,
DI-245,Seminario de tesis IV,Doctorado,CIDETEC-IPN,Doctorado en Ingeniería de Sistemas Robóticos y Mecatrónicos,2022/01/31,2022/06/23,22A,,36,2,
6BM1,Redes Neuronales y Aprendizaje Profundo,Licenciatura,ESCOM,Ingeniería en Inteligencia Artificial,2022/08/15,2023/01/06,22B,,81,4.5,
1571,Deep learning,Maestría,CIDETEC-IPN,Maestría en Tecnología de Cómputo,2022/08/15,2023/01/06,22B,,72,4,
1596,Visión artificial,Maestría,CIDETEC-IPN,Maestría en Tecnología de Cómputo,2022/08/15,2023/01/06,22B,,72,4,
1597,Visión 3D,Maestría,CIDETEC-IPN,Maestría en Tecnología de Cómputo,2022/08/15,2023/01/06,22B,,72,4,
1542,Seminario departamental I,Maestría,CIDETEC-IPN,Maestría en Tecnología de Cómputo,2022/08/15,2023/01/06,22B,,36,2,
1566,Seminario departamental III,Maestría,CIDETEC-IPN,Maestría en Tecnología de Cómputo,2022/08/15,2023/01/06,22B,,36,2,
DI-267,Robótica móvil,Doctorado,CIDETEC-IPN,Doctorado en Ingeniería de Sistemas Robóticos y Mecatrónicos,2022/08/15,2023/01/06,22B,,72,4,
1626,Seminario departamental II,Maestría,CIDETEC-IPN,Maestría en Tecnología de Cómputo,2023/01/30,2023/06/26,23A,,36,2,
1638,Deep learning,Maestría,CIDETEC-IPN,Maestría en Tecnología de Cómputo,2023/01/30,2023/06/26,23A,,72,4,
DI-281,Seminario de tesis II. Gestión y administración de proyectos de desarrollo tecnológico e innovación y protección de derechos intelectuales,Doctorado,CIDETEC-IPN,Doctorado en Ingeniería de Sistemas Robóticos y Mecatrónicos,2023/01/30,2023/06/26,23A,,36,2,
DI-277,Robótica móvil,Doctorado,CIDETEC-IPN,Doctorado en Ingeniería de Sistemas Robóticos y Mecatrónicos,2023/01/30,2023/06/26,23A,,72,4,
4AM1,Desarrollo de Aplicaciones para Análisis de Datos,Licenciatura,ESCOM,Licenciatura en Ciencia de Datos,2023/01/30,2023/06/26,23A,,81,4.5,
6BM1,Redes Neuronales y Aprendizaje Profundo,Licenciatura,ESCOM,Ingeniería en Inteligencia Artificial,2023/01/30,2023/06/26,23A,,81,4.5,
1693,Seminario departamental III,Maestría,CIDETEC-IPN,Maestría en Tecnología de Cómputo,2023/08/28,2024/01/22,23B,,36,2,
1698,Deep learning,Maestría,CIDETEC-IPN,Maestría en Tecnología de Cómputo,2023/08/28,2024/01/22,23B,,72,4,
DI-304,Seminario de tesis III. Examen predoctoral,Doctorado,CIDETEC-IPN,Doctorado en Ingeniería de Sistemas Robóticos y Mecatrónicos,2023/08/28,2024/01/22,23B,,36,2,
DI-296,Robótica móvil,Doctorado,CIDETEC-IPN,Doctorado en Ingeniería de Sistemas Robóticos y Mecatrónicos,2023/08/28,2024/01/22,23B,,72,4,
6BM1,Redes Neuronales y Aprendizaje Profundo,Licenciatura,ESCOM,Ingeniería en Inteligencia Artificial,2023/08/28,2024/01/22,23B,,81,4.5,
DI-318,Tópicos selectos en robótica y mecatrónica I,Doctorado,CIDETEC-IPN,Doctorado en Ingeniería de Sistemas Robóticos y Mecatrónicos,,,24A,Febrero-Julio 2024,72,4,
DI-320,Tratamiento de análisis digital de imágenes,Doctorado,CIDETEC-IPN,Doctorado en Ingeniería de Sistemas Robóticos y Mecatrónicos,,,24A,Febrero-Julio 2024,72,4,
DI-323,Seminario de tesis I. Definición y registro de trabajo de tesis,Doctorado,CIDETEC-IPN,Doctorado en Ingeniería de Sistemas Robóticos y Mecatrónicos,,,24A,Febrero-Julio 2024,36,2,
DI-329,Seminario de tesis IV,Doctorado,CIDETEC-IPN,Doctorado en Ingeniería de Sistemas Robóticos y Mecatrónicos,,,24A,Febrero-Julio 2024,36,2,
6BM1,Redes Neuronales y Aprendizaje Profundo,Licenciatura,ESCOM,Ingeniería en Inteligencia Artificial,,,24A,Febrero-Julio 2024,81,4.5,
,Redes Neuronales y Aprendizaje Profundo,Licenciatura,ESCOM,Ingeniería en Inteligencia Artificial,2024/02/13,2024/07/8,24B,,81,4.5,
DI-340,Robótica móvil,Doctorado,CIDETEC-IPN,Doctorado en Ingeniería de Sistemas Robóticos y Mecatrónicos,,,24B,Agosto 2024 – Enero 2025,72,4,
DI-347,Seminario de tesis II. Gestión y administración de proyectos de desarrollo tecnológico e innovación y protección de derechos intelectuales,Doctorado,CIDETEC-IPN,Doctorado en Ingeniería de Sistemas Robóticos y Mecatrónicos,,,24B,Agosto 2024 – Enero 2025,36,2,
1794,Seminario departamental I,Maestría,CIDETEC-IPN,Maestría en Tecnología de Cómputo,,,24B,Agosto 2024 – Enero 2025,36,2,
1827,Deep learning,Maestría,CIDETEC-IPN,Maestría en Tecnología de Cómputo,,,24B,Agosto 2024 – Enero 2025,72,4,
DCTIACD-0009,Aprendizaje profundo,Doctorado,CIDETEC-IPN,Doctorado en Ciencia y Tecnología de Inteligencia Artificial y Ciencia de Datos,,,25A,Febrero-Julio 2025,72,4,
DI-368,Seminario de tesis III. Examen predoctoral,Doctorado,CIDETEC-IPN,Doctorado en Ingeniería de Sistemas Robóticos y Mecatrónicos,,,25A,Febrero-Julio 2025,36,2,
DI-372,Tratamiento de análisis digital de imágenes,Doctorado,CIDETEC-IPN,Doctorado en Ingeniería de Sistemas Robóticos y Mecatrónicos,,,25A,Febrero-Julio 2025,72,4,
MCTIACD-0007,Aprendizaje profundo,Maestría,CIDETEC-IPN,Maestría en Ciencia y Tecnología de Inteligencia Artificial y Ciencia de Datos,,,25A,Febrero-Julio 2025,72,4,
MCTIACD-0010,Visión por computadora,Maestría,CIDETEC-IPN,Maestría en Ciencia y Tecnología de Inteligencia Artificial y Ciencia de Datos,,,25A,Febrero-Julio 2025,72,4,
1904,Temas Selectos en Tecnología de Cómputo,Maestría,CIDETEC-IPN,Maestría en Tecnología de Cómputo,,,25A,Febrero-Julio 2025,72,4,
6BV1,Redes Neuronales y Aprendizaje Profundo,Licenciatura,ESCOM,Ingeniería en Inteligencia Artificial,,,25A,Febrero-Julio 2025,81,4.5,
DI-384,Seminario de tesis I. Definición y registro de trabajo de tesis,Doctorado,CIDETEC-IPN,Doctorado en Ingeniería de Sistemas Robóticos y Mecatrónicos,,,25B,Agosto 2025 – Enero 2026,36,2,
DI-393,Seminario de tesis IV,Doctorado,CIDETEC-IPN,Doctorado en Ingeniería de Sistemas Robóticos y Mecatrónicos,,,25B,Agosto 2025 – Enero 2026,36,2,
DI-400,Tratamiento de análisis digital de imágenes,Doctorado,CIDETEC-IPN,Doctorado en Ingeniería de Sistemas Robóticos y Mecatrónicos,,,25B,Agosto 2025 – Enero 2026,72,2,
MCTIACD-0020,Redes neuronales artificiales,Maestría,CIDETEC-IPN,Maestría en Ciencia y Tecnología de Inteligencia Artificial y Ciencia de Datos,,,25B,Agosto 2025 – Enero 2026,72,4,
MCTIACD-0021,Visión por computadora,Maestría,CIDETEC-IPN,Maestría en Ciencia y Tecnología de Inteligencia Artificial y Ciencia de Datos,,,25B,Agosto 2025 – Enero 2026,72,4,
